Entity,Code,Year,All,All (projected) (Projected)
Africa,OWID_AFR,2016,129836003,
Africa,OWID_AFR,2017,84014852,
Africa,OWID_AFR,2018,126254907,
Africa,OWID_AFR,2019,294651275,
Africa,OWID_AFR,2020,192644360,
Africa,OWID_AFR,2021,226000000,
Africa,OWID_AFR,2022,361101983,
Africa,OWID_AFR,2023,167187485,
Africa,OWID_AFR,2024,295425539,295425539
Africa,OWID_AFR,2025,,168334150
Albania,ALB,2016,2258017,
Albania,ALB,2019,7419277,
Albania,ALB,2020,5234901,
Albania,ALB,2024,4319087,4319087
Algeria,DZA,2021,0,
Algeria,DZA,2022,0,0
Argentina,ARG,2015,0,
Argentina,ARG,2016,1129009,
Argentina,ARG,2017,5527293,
Argentina,ARG,2018,1079102,
Argentina,ARG,2019,2119793,
Argentina,ARG,2020,3140941,
Argentina,ARG,2021,18000000,
Argentina,ARG,2022,14814440,
Argentina,ARG,2023,620728001,
Argentina,ARG,2024,479418637,479418637
Argentina,ARG,2025,,5050025
Armenia,ARM,2020,3140941,
Armenia,ARM,2021,7000000,
Armenia,ARM,2023,2667885,
Armenia,ARM,2024,12093443,12093443
Armenia,ARM,2025,,0
Asia,OWID_ASI,2015,4257467995,
Asia,OWID_ASI,2016,8108540660,
Asia,OWID_ASI,2017,7114731407,
Asia,OWID_ASI,2018,22310429001,
Asia,OWID_ASI,2019,13575156585,
Asia,OWID_ASI,2020,62630356447,
Asia,OWID_ASI,2021,38692000000,
Asia,OWID_ASI,2022,31060325977,
Asia,OWID_ASI,2023,27628621120,
Asia,OWID_ASI,2024,29842298489,29842298489
Asia,OWID_ASI,2025,,22169607613
Australia,AUS,2015,132617156,
Australia,AUS,2016,114029881,
Australia,AUS,2017,47534719,
Australia,AUS,2018,227690473,
Australia,AUS,2019,466354536,
Australia,AUS,2020,538147830,
Australia,AUS,2021,3211000000,
Australia,AUS,2022,999048820,
Australia,AUS,2023,774576059,
Australia,AUS,2024,2184594115,2184594115
Australia,AUS,2025,,828204020
Austria,AUT,2015,2286503,
Austria,AUT,2016,5645044,
Austria,AUT,2017,17687337,
Austria,AUT,2018,38847664,
Austria,AUT,2019,124007911,
Austria,AUT,2020,90040298,
Austria,AUT,2021,294000000,
Austria,AUT,2022,80553519,
Austria,AUT,2023,222323783,
Austria,AUT,2024,714376960,714376960
Austria,AUT,2025,,1471240475
Azerbaijan,AZE,2022,0,0
Bahrain,BHR,2020,0,
Bahrain,BHR,2021,190000000,
Bahrain,BHR,2022,0,0
Bahrain,BHR,2025,,2525012
Bangladesh,BGD,2018,0,
Bangladesh,BGD,2019,0,
Bangladesh,BGD,2020,4187921,
Bangladesh,BGD,2021,3000000,
Bangladesh,BGD,2022,9259025,
Bangladesh,BGD,2023,6225066,
Bangladesh,BGD,2024,3455269,3455269
Bangladesh,BGD,2025,,0
Barbados,BRB,2016,20322157,20322157
Belarus,BLR,2017,8843669,
Belarus,BLR,2020,2093960,
Belarus,BLR,2022,0,0
Belgium,BEL,2015,179490461,
Belgium,BEL,2016,76772593,
Belgium,BEL,2017,323899363,
Belgium,BEL,2018,83090836,
Belgium,BEL,2019,209859541,
Belgium,BEL,2020,392617581,
Belgium,BEL,2021,994000000,
Belgium,BEL,2022,592577614,
Belgium,BEL,2023,404629284,
Belgium,BEL,2024,773116541,773116541
Belgium,BEL,2025,,314784861
Belize,BLZ,2019,10598967,
Belize,BLZ,2022,18518050,18518050
Bosnia and Herzegovina,BIH,2016,0,
Bosnia and Herzegovina,BIH,2020,0,
Bosnia and Herzegovina,BIH,2021,0,
Bosnia and Herzegovina,BIH,2023,0,
Bosnia and Herzegovina,BIH,2024,0,0
Botswana,BWA,2015,1143251,
Botswana,BWA,2016,0,
Botswana,BWA,2021,1000000,
Botswana,BWA,2024,863817,863817
Brazil,BRA,2015,184063466,
Brazil,BRA,2016,15806122,
Brazil,BRA,2017,148131449,
Brazil,BRA,2018,281645561,
Brazil,BRA,2019,443036809,
Brazil,BRA,2020,640751891,
Brazil,BRA,2021,810000000,
Brazil,BRA,2022,1611070387,
Brazil,BRA,2023,907081033,
Brazil,BRA,2024,779163263,779163263
Brazil,BRA,2025,,800428885
Bulgaria,BGR,2015,28581284,
Bulgaria,BGR,2016,0,
Bulgaria,BGR,2017,1105459,
Bulgaria,BGR,2018,14028323,
Bulgaria,BGR,2019,3179690,
Bulgaria,BGR,2021,4000000,
Bulgaria,BGR,2022,925903,
Bulgaria,BGR,2023,9782246,
Bulgaria,BGR,2024,6046722,6046722
Burkina Faso,BFA,2023,0,0
Cambodia,KHM,2018,0,0
Canada,CAN,2015,379559445,
Canada,CAN,2016,1716093261,
Canada,CAN,2017,763871877,
Canada,CAN,2018,1874399767,
Canada,CAN,2019,1849519694,
Canada,CAN,2020,2098148350,
Canada,CAN,2021,3748000000,
Canada,CAN,2022,20957803568,
Canada,CAN,2023,2263256108,
Canada,CAN,2024,4248253798,4248253798
Canada,CAN,2025,,5594585490
Chile,CHL,2015,0,
Chile,CHL,2016,1129009,
Chile,CHL,2017,8843669,
Chile,CHL,2018,89565447,
Chile,CHL,2019,34976590,
Chile,CHL,2020,100510101,
Chile,CHL,2021,276000000,
Chile,CHL,2022,74072202,
Chile,CHL,2023,12450132,
Chile,CHL,2024,63058668,63058668
Chile,CHL,2025,,57233611
China,CHN,2015,1694298488,
China,CHN,2016,5675526858,
China,CHN,2017,4786635642,
China,CHN,2018,9041793693,
China,CHN,2019,6612695342,
China,CHN,2020,14048380522,
China,CHN,2021,18443000000,
China,CHN,2022,13100594773,
China,CHN,2023,9260230196,
China,CHN,2024,13876362142,13876362142
China,CHN,2025,,11123520661
Colombia,COL,2015,0,
Colombia,COL,2016,1129009,
Colombia,COL,2017,3316376,
Colombia,COL,2018,0,
Colombia,COL,2019,10598967,
Colombia,COL,2020,10469802,
Colombia,COL,2021,23000000,
Colombia,COL,2022,50924639,
Colombia,COL,2023,13339427,
Colombia,COL,2024,28505973,28505973
Colombia,COL,2025,,1683342
Costa Rica,CRI,2022,0,
Costa Rica,CRI,2024,0,0
Costa Rica,CRI,2025,,1683342
Cote d'Ivoire,CIV,2022,0,
Cote d'Ivoire,CIV,2023,0,
Cote d'Ivoire,CIV,2024,863817,863817
Croatia,HRV,2019,0,
Croatia,HRV,2020,1046980,
Croatia,HRV,2021,308000000,
Croatia,HRV,2022,333324908,
Croatia,HRV,2023,174301846,
Croatia,HRV,2024,93292275,93292275
Croatia,HRV,2025,,3366683
Cyprus,CYP,2015,2286503,
Cyprus,CYP,2016,1129009,
Cyprus,CYP,2017,2210917,
Cyprus,CYP,2018,3237305,
Cyprus,CYP,2019,3179690,
Cyprus,CYP,2020,31409406,
Cyprus,CYP,2021,26000000,
Cyprus,CYP,2022,5555415,
Cyprus,CYP,2023,1778590,
Cyprus,CYP,2024,3455269,3455269
Cyprus,CYP,2025,,58075282
Czechia,CZE,2015,2286503,
Czechia,CZE,2016,4516035,
Czechia,CZE,2017,54167470,
Czechia,CZE,2018,4316407,
Czechia,CZE,2019,38156280,
Czechia,CZE,2020,58630892,
Czechia,CZE,2021,179000000,
Czechia,CZE,2022,194439529,
Czechia,CZE,2023,91597398,
Czechia,CZE,2024,29369790,29369790
Czechia,CZE,2025,,99317149
Denmark,DNK,2015,28581284,
Denmark,DNK,2016,28225218,
Denmark,DNK,2017,80698476,
Denmark,DNK,2018,219057658,
Denmark,DNK,2019,60414110,
Denmark,DNK,2020,273261836,
Denmark,DNK,2021,366000000,
Denmark,DNK,2022,292585197,
Denmark,DNK,2023,335264264,
Denmark,DNK,2024,721287499,721287499
Denmark,DNK,2025,,563077733
Dominican Republic,DOM,2020,0,
Dominican Republic,DOM,2021,0,
Dominican Republic,DOM,2022,0,
Dominican Republic,DOM,2023,1778590,
Dominican Republic,DOM,2024,0,0
Ecuador,ECU,2017,0,
Ecuador,ECU,2021,0,
Ecuador,ECU,2024,0,0
Egypt,EGY,2016,0,
Egypt,EGY,2017,0,
Egypt,EGY,2018,0,
Egypt,EGY,2019,2119793,
Egypt,EGY,2020,1046980,
Egypt,EGY,2021,37000000,
Egypt,EGY,2022,4629513,
Egypt,EGY,2023,8003656,
Egypt,EGY,2024,15548713,15548713
Egypt,EGY,2025,,22725110
El Salvador,SLV,2020,0,
El Salvador,SLV,2021,1000000,1000000
El Salvador,SLV,2025,,841671
Estonia,EST,2015,12575765,
Estonia,EST,2016,10161079,
Estonia,EST,2017,4421834,
Estonia,EST,2018,24819341,
Estonia,EST,2019,10598967,
Estonia,EST,2020,29315446,
Estonia,EST,2021,106000000,
Estonia,EST,2022,143514891,
Estonia,EST,2023,24010969,
Estonia,EST,2024,64786302,64786302
Estonia,EST,2025,,82483734
Ethiopia,ETH,2023,0,0
Europe,OWID_EUR,2015,5577923294,
Europe,OWID_EUR,2016,7997897805,
Europe,OWID_EUR,2017,6481303642,
Europe,OWID_EUR,2018,12582326585,
Europe,OWID_EUR,2019,10937073767,
Europe,OWID_EUR,2020,21313376232,
Europe,OWID_EUR,2021,43470000000,
Europe,OWID_EUR,2022,31797344384,
Europe,OWID_EUR,2023,22170127608,
Europe,OWID_EUR,2024,30461655539,30461655539
Europe,OWID_EUR,2025,,46464433875
Finland,FIN,2015,158911936,
Finland,FIN,2016,579181476,
Finland,FIN,2017,71854808,
Finland,FIN,2018,971191589,
Finland,FIN,2019,1334409911,
Finland,FIN,2020,829208330,
Finland,FIN,2021,1833000000,
Finland,FIN,2022,2695302239,
Finland,FIN,2023,1001346317,
Finland,FIN,2024,1339780732,1339780732
Finland,FIN,2025,,396426924
France,FRA,2015,387562205,
France,FRA,2016,897561936,
France,FRA,2017,1190578888,
France,FRA,2018,1313266849,
France,FRA,2019,2409145137,
France,FRA,2020,2921074799,
France,FRA,2021,3748000000,
France,FRA,2022,3927678495,
France,FRA,2023,3700357039,
France,FRA,2024,4941035324,4941035324
France,FRA,2025,,4254645652
Georgia,GEO,2022,1851805,
Georgia,GEO,2023,1778590,1778590
Georgia,GEO,2025,,1683342
Germany,DEU,2015,2227053613,
Germany,DEU,2016,1167395021,
Germany,DEU,2017,727391744,
Germany,DEU,2018,3352769185,
Germany,DEU,2019,1426620922,
Germany,DEU,2020,3519947482,
Germany,DEU,2021,5094000000,
Germany,DEU,2022,3971195914,
Germany,DEU,2023,4305967023,
Germany,DEU,2024,5136258049,5136258049
Germany,DEU,2025,,14787313445
Ghana,GHA,2015,1143251,
Ghana,GHA,2016,3387026,
Ghana,GHA,2017,0,
Ghana,GHA,2018,1079102,
Ghana,GHA,2019,0,
Ghana,GHA,2021,3000000,
Ghana,GHA,2022,35184296,
Ghana,GHA,2023,17785903,
Ghana,GHA,2024,28505973,28505973
Ghana,GHA,2025,,841671
Greece,GRC,2015,0,
Greece,GRC,2016,12419096,
Greece,GRC,2017,66327515,
Greece,GRC,2018,2158204,
Greece,GRC,2019,11658863,
Greece,GRC,2020,21986585,
Greece,GRC,2021,63000000,
Greece,GRC,2022,104626985,
Greece,GRC,2023,405518580,
Greece,GRC,2024,50965225,50965225
Greece,GRC,2025,,6733366
Guatemala,GTM,2019,5299483,5299483
Honduras,HND,2024,863817,863817
Hungary,HUN,2015,395564964,
Hungary,HUN,2016,11290087,
Hungary,HUN,2017,2210917,
Hungary,HUN,2018,44243172,
Hungary,HUN,2019,10598967,
Hungary,HUN,2020,10469802,
Hungary,HUN,2021,16000000,
Hungary,HUN,2022,28702978,
Hungary,HUN,2023,16896607,
Hungary,HUN,2024,27642156,27642156
Hungary,HUN,2025,,4208354
Iceland,ISL,2015,3429754,
Iceland,ISL,2016,4516035,
Iceland,ISL,2017,3316376,
Iceland,ISL,2018,6474611,
Iceland,ISL,2019,16958347,
Iceland,ISL,2020,28268466,
Iceland,ISL,2021,7000000,
Iceland,ISL,2022,28702978,
Iceland,ISL,2023,16007312,
Iceland,ISL,2024,19867799,19867799
Iceland,ISL,2025,,1683342
India,IND,2015,1248430465,
India,IND,2016,261930024,
India,IND,2017,201193461,
India,IND,2018,7749029778,
India,IND,2019,846857442,
India,IND,2020,26383901412,
India,IND,2021,1888000000,
India,IND,2022,3876753856,
India,IND,2023,7272655579,
India,IND,2024,1352737993,1352737993
India,IND,2025,,1318056398
Indonesia,IDN,2015,2286503,
Indonesia,IDN,2016,2258017,
Indonesia,IDN,2017,30952840,
Indonesia,IDN,2018,42084969,
Indonesia,IDN,2019,24377623,
Indonesia,IDN,2020,310953124,
Indonesia,IDN,2021,168000000,
Indonesia,IDN,2022,108330595,
Indonesia,IDN,2023,28457444,
Indonesia,IDN,2024,71696841,71696841
Indonesia,IDN,2025,,20200098
Iran,IRN,2018,0,
Iran,IRN,2020,0,
Iran,IRN,2022,0,0
Iraq,IRQ,2020,0,
Iraq,IRQ,2022,0,0
Ireland,IRL,2015,32011038,
Ireland,IRL,2016,221285710,
Ireland,IRL,2017,133760488,
Ireland,IRL,2018,182368198,
Ireland,IRL,2019,177002744,
Ireland,IRL,2020,149718171,
Ireland,IRL,2021,740000000,
Ireland,IRL,2022,395360377,
Ireland,IRL,2023,265899244,
Ireland,IRL,2024,265191931,265191931
Ireland,IRL,2025,,303001471
Israel,ISR,2015,540757884,
Israel,ISR,2016,583697511,
Israel,ISR,2017,664380605,
Israel,ISR,2018,1315425052,
Israel,ISR,2019,1438279785,
Israel,ISR,2020,2721101578,
Israel,ISR,2021,6189000000,
Israel,ISR,2022,4653586072,
Israel,ISR,2023,2209898400,
Israel,ISR,2024,5226958872,5226958872
Israel,ISR,2025,,3724393078
Italy,ITA,2015,45730054,
Italy,ITA,2016,19193148,
Italy,ITA,2017,12160044,
Italy,ITA,2018,269775441,
Italy,ITA,2019,208799645,
Italy,ITA,2020,299436341,
Italy,ITA,2021,316000000,
Italy,ITA,2022,74998104,
Italy,ITA,2023,202759290,
Italy,ITA,2024,242732679,242732679
Italy,ITA,2025,,216309383
Jamaica,JAM,2018,0,0
Japan,JPN,2015,123471145,
Japan,JPN,2016,994656686,
Japan,JPN,2017,658853312,
Japan,JPN,2018,831987461,
Japan,JPN,2019,1060956569,
Japan,JPN,2020,1248000416,
Japan,JPN,2021,1505000000,
Japan,JPN,2022,710167234,
Japan,JPN,2023,2023146422,
Japan,JPN,2024,1336325463,1336325463
Japan,JPN,2025,,567286087
Jordan,JOR,2016,0,
Jordan,JOR,2018,0,
Jordan,JOR,2019,0,
Jordan,JOR,2020,0,
Jordan,JOR,2021,0,
Jordan,JOR,2022,925903,
Jordan,JOR,2023,1778590,1778590
Jordan,JOR,2025,,0
Kazakhstan,KAZ,2019,0,
Kazakhstan,KAZ,2020,1046980,
Kazakhstan,KAZ,2021,1000000,
Kazakhstan,KAZ,2022,925903,
Kazakhstan,KAZ,2023,4446476,
Kazakhstan,KAZ,2024,863817,863817
Kazakhstan,KAZ,2025,,9258378
Kenya,KEN,2016,7903061,
Kenya,KEN,2017,2210917,
Kenya,KEN,2018,46401376,
Kenya,KEN,2019,20138037,
Kenya,KEN,2020,20939604,
Kenya,KEN,2021,15000000,
Kenya,KEN,2022,41665613,
Kenya,KEN,2023,10671542,
Kenya,KEN,2024,15548713,15548713
Kenya,KEN,2025,,841671
Kuwait,KWT,2023,6225066,6225066
Kuwait,KWT,2025,,5891695
Latvia,LVA,2015,1143251,
Latvia,LVA,2016,0,
Latvia,LVA,2017,4421834,
Latvia,LVA,2018,10791018,
Latvia,LVA,2019,2119793,
Latvia,LVA,2020,4187921,
Latvia,LVA,2021,1000000,
Latvia,LVA,2022,925903,
Latvia,LVA,2023,889295,
Latvia,LVA,2024,3455269,3455269
Latvia,LVA,2025,,0
Lebanon,LBN,2015,0,
Lebanon,LBN,2016,0,
Lebanon,LBN,2017,1105459,
Lebanon,LBN,2018,1079102,
Lebanon,LBN,2019,0,
Lebanon,LBN,2020,0,
Lebanon,LBN,2021,0,
Lebanon,LBN,2022,0,
Lebanon,LBN,2023,0,0
Lithuania,LTU,2016,0,
Lithuania,LTU,2017,1105459,
Lithuania,LTU,2018,5395509,
Lithuania,LTU,2019,113408944,
Lithuania,LTU,2020,7328862,
Lithuania,LTU,2021,107000000,
Lithuania,LTU,2022,278696659,
Lithuania,LTU,2023,8892951,
Lithuania,LTU,2024,272966287,272966287
Lithuania,LTU,2025,,31141818
Luxembourg,LUX,2015,0,
Luxembourg,LUX,2016,0,
Luxembourg,LUX,2017,1105459,
Luxembourg,LUX,2018,8632814,
Luxembourg,LUX,2020,13610743,
Luxembourg,LUX,2021,284000000,
Luxembourg,LUX,2022,2777708,
Luxembourg,LUX,2023,889295,
Luxembourg,LUX,2024,51829042,51829042
Luxembourg,LUX,2025,,5050025
Madagascar,MDG,2019,5299483,5299483
Malaysia,MYS,2015,5716257,
Malaysia,MYS,2016,3387026,
Malaysia,MYS,2017,1105459,
Malaysia,MYS,2018,30214849,
Malaysia,MYS,2019,65713594,
Malaysia,MYS,2020,47114110,
Malaysia,MYS,2021,155000000,
Malaysia,MYS,2022,77775812,
Malaysia,MYS,2023,74700791,
Malaysia,MYS,2024,40599416,40599416
Malaysia,MYS,2025,,21883440
Malta,MLT,2017,1105459,
Malta,MLT,2018,0,
Malta,MLT,2020,60724852,
Malta,MLT,2021,5000000,5000000
Malta,MLT,2025,,198634298
Mauritius,MUS,2016,1129009,
Mauritius,MUS,2019,55114627,
Mauritius,MUS,2020,4187921,
Mauritius,MUS,2021,24000000,
Mauritius,MUS,2022,55554151,55554151
Mexico,MEX,2015,4573005,
Mexico,MEX,2016,20322157,
Mexico,MEX,2017,18792796,
Mexico,MEX,2018,8632814,
Mexico,MEX,2019,146265741,
Mexico,MEX,2020,60724852,
Mexico,MEX,2021,199000000,
Mexico,MEX,2022,304621929,
Mexico,MEX,2023,168966075,
Mexico,MEX,2024,145985135,145985135
Mexico,MEX,2025,,24408452
Mongolia,MNG,2018,0,
Mongolia,MNG,2019,0,
Mongolia,MNG,2021,0,
Mongolia,MNG,2022,0,
Mongolia,MNG,2024,0,0
Morocco,MAR,2020,1046980,
Morocco,MAR,2022,925903,
Morocco,MAR,2024,2591452,2591452
Netherlands,NLD,2015,227507017,
Netherlands,NLD,2016,679663252,
Netherlands,NLD,2017,427812470,
Netherlands,NLD,2018,1785913422,
Netherlands,NLD,2019,374143525,
Netherlands,NLD,2020,404134363,
Netherlands,NLD,2021,943000000,
Netherlands,NLD,2022,1620329412,
Netherlands,NLD,2023,915973985,
Netherlands,NLD,2024,1462442798,1462442798
Netherlands,NLD,2025,,972971390
New Zealand,NZL,2015,8002759,
New Zealand,NZL,2016,169351309,
New Zealand,NZL,2017,2210917,
New Zealand,NZL,2018,106831075,
New Zealand,NZL,2019,238476751,
New Zealand,NZL,2020,96322180,
New Zealand,NZL,2021,1259000000,
New Zealand,NZL,2022,182402797,
New Zealand,NZL,2023,34682510,
New Zealand,NZL,2024,141666048,141666048
New Zealand,NZL,2025,,78275380
Nigeria,NGA,2016,56450436,
Nigeria,NGA,2017,0,
Nigeria,NGA,2018,6474611,
Nigeria,NGA,2019,13778657,
Nigeria,NGA,2020,9422822,
Nigeria,NGA,2021,2000000,
Nigeria,NGA,2022,16666245,
Nigeria,NGA,2023,16007312,
Nigeria,NGA,2024,14684895,14684895
Nigeria,NGA,2025,,10941720
North America,OWID_NAM,2015,21331926778,
North America,OWID_NAM,2016,25916395272,
North America,OWID_NAM,2017,28387070822,
North America,OWID_NAM,2018,63950807926,
North America,OWID_NAM,2019,108236648227,
North America,OWID_NAM,2020,79075274681,
North America,OWID_NAM,2021,160606000000,
North America,OWID_NAM,2022,113749902441,
North America,OWID_NAM,2023,115201069820,
North America,OWID_NAM,2024,152741050194,152741050194
North America,OWID_NAM,2025,,265216345712
North Macedonia,MKD,2022,925903,
North Macedonia,MKD,2024,0,0
Norway,NOR,2015,1143251,
Norway,NOR,2016,16935131,
Norway,NOR,2017,53062012,
Norway,NOR,2018,86328141,
Norway,NOR,2019,132487084,
Norway,NOR,2020,451248473,
Norway,NOR,2021,428000000,
Norway,NOR,2022,213883482,
Norway,NOR,2023,144065811,
Norway,NOR,2024,861225912,861225912
Norway,NOR,2025,,159917443
Oceania,OWID_OCE,2015,140619915,
Oceania,OWID_OCE,2016,283381190,
Oceania,OWID_OCE,2017,49745636,
Oceania,OWID_OCE,2018,334521547,
Oceania,OWID_OCE,2019,704831287,
Oceania,OWID_OCE,2020,634470010,
Oceania,OWID_OCE,2021,4470000000,
Oceania,OWID_OCE,2022,1181451617,
Oceania,OWID_OCE,2023,809258569,
Oceania,OWID_OCE,2024,2326260162,2326260162
Oceania,OWID_OCE,2025,,906479400
Oman,OMN,2019,0,
Oman,OMN,2024,2591452,2591452
Oman,OMN,2025,,841671
Pakistan,PAK,2015,1143251,
Pakistan,PAK,2016,0,
Pakistan,PAK,2017,1105459,
Pakistan,PAK,2018,0,
Pakistan,PAK,2019,1059897,
Pakistan,PAK,2020,0,
Pakistan,PAK,2021,7000000,
Pakistan,PAK,2022,7407220,
Pakistan,PAK,2024,2591452,2591452
Panama,PAN,2021,1000000,
Panama,PAN,2023,0,
Panama,PAN,2024,863817,863817
Panama,PAN,2025,,4208354
Paraguay,PRY,2021,0,
Paraguay,PRY,2024,0,0
Peru,PER,2015,0,
Peru,PER,2017,0,
Peru,PER,2018,0,
Peru,PER,2019,1059897,
Peru,PER,2020,3140941,
Peru,PER,2021,2000000,
Peru,PER,2022,925903,
Peru,PER,2023,889295,
Peru,PER,2024,0,0
Peru,PER,2025,,0
Philippines,PHL,2015,2286503,
Philippines,PHL,2016,1129009,
Philippines,PHL,2018,3237305,
Philippines,PHL,2020,1046980,
Philippines,PHL,2021,5000000,
Philippines,PHL,2022,16666245,
Philippines,PHL,2023,8003656,
Philippines,PHL,2024,56148129,56148129
Philippines,PHL,2025,,50500245
Poland,POL,2015,20578524,
Poland,POL,2016,21451166,
Poland,POL,2017,65222056,
Poland,POL,2018,30214849,
Poland,POL,2019,115528737,
Poland,POL,2020,150765151,
Poland,POL,2021,130000000,
Poland,POL,2022,186106407,
Poland,POL,2023,120054843,
Poland,POL,2024,99338997,99338997
Poland,POL,2025,,237351152
Portugal,PRT,2015,26294781,
Portugal,PRT,2016,16935131,
Portugal,PRT,2017,214458964,
Portugal,PRT,2018,161865265,
Portugal,PRT,2019,111289151,
Portugal,PRT,2020,21986585,
Portugal,PRT,2021,275000000,
Portugal,PRT,2022,146292598,
Portugal,PRT,2023,42686166,
Portugal,PRT,2024,50101407,50101407
Portugal,PRT,2025,,350976704
Qatar,QAT,2018,0,
Qatar,QAT,2020,0,
Qatar,QAT,2021,13000000,
Qatar,QAT,2022,1851805,
Qatar,QAT,2023,1778590,
Qatar,QAT,2024,3455269,3455269
Qatar,QAT,2025,,1683342
Romania,ROU,2016,1129009,
Romania,ROU,2017,0,
Romania,ROU,2018,0,
Romania,ROU,2019,7419277,
Romania,ROU,2020,6281881,
Romania,ROU,2021,41000000,
Romania,ROU,2022,26851173,
Romania,ROU,2023,69365020,
Romania,ROU,2024,16412530,16412530
Romania,ROU,2025,,42083538
Russia,RUS,2015,5716257,
Russia,RUS,2016,9032070,
Russia,RUS,2017,15476420,
Russia,RUS,2018,51796885,
Russia,RUS,2019,30737004,
Russia,RUS,2020,30362426,
Russia,RUS,2021,24000000,
Russia,RUS,2022,925903,
Russia,RUS,2023,104047530,
Russia,RUS,2024,112296257,112296257
Russia,RUS,2025,,841671
Saint Kitts and Nevis,KNA,2021,3000000,
Saint Kitts and Nevis,KNA,2023,889295,889295
Saudi Arabia,SAU,2015,3429754,
Saudi Arabia,SAU,2016,66611515,
Saudi Arabia,SAU,2017,23214630,
Saudi Arabia,SAU,2018,1137373261,
Saudi Arabia,SAU,2019,214099128,
Saudi Arabia,SAU,2020,15600005200,
Saudi Arabia,SAU,2021,494000000,
Saudi Arabia,SAU,2022,1750881668,
Saudi Arabia,SAU,2023,2255252451,
Saudi Arabia,SAU,2024,312701886,312701886
Saudi Arabia,SAU,2025,,2325536288
Senegal,SEN,2021,0,
Senegal,SEN,2023,0,
Senegal,SEN,2024,4319087,4319087
Serbia,SRB,2015,0,
Serbia,SRB,2017,0,
Serbia,SRB,2018,1079102,
Serbia,SRB,2019,0,
Serbia,SRB,2020,0,
Serbia,SRB,2021,0,
Serbia,SRB,2022,7407220,
Serbia,SRB,2023,39128986,
Serbia,SRB,2024,38007964,38007964
Seychelles,SYC,2015,0,
Seychelles,SYC,2016,1129009,
Seychelles,SYC,2017,1105459,
Seychelles,SYC,2021,1000000,
Seychelles,SYC,2022,9259025,
Seychelles,SYC,2023,44464757,
Seychelles,SYC,2024,1727635,1727635
Singapore,SGP,2015,171487701,
Singapore,SGP,2016,180641396,
Singapore,SGP,2017,342692159,
Singapore,SGP,2018,1114712124,
Singapore,SGP,2019,2150530349,
Singapore,SGP,2020,871087539,
Singapore,SGP,2021,3079000000,
Singapore,SGP,2022,3593427685,
Singapore,SGP,2023,1373071682,
Singapore,SGP,2024,2945617213,2945617213
Singapore,SGP,2025,,793695519
Slovakia,SVK,2015,2286503,
Slovakia,SVK,2016,1129009,
Slovakia,SVK,2017,27636464,
Slovakia,SVK,2018,4316407,
Slovakia,SVK,2019,12718760,
Slovakia,SVK,2020,10469802,
Slovakia,SVK,2021,9000000,
Slovakia,SVK,2022,25925271,
Slovakia,SVK,2023,20453788,
Slovakia,SVK,2024,25914521,25914521
Slovakia,SVK,2025,,11783391
Slovenia,SVN,2015,0,
Slovenia,SVN,2016,0,
Slovenia,SVN,2017,0,
Slovenia,SVN,2018,0,
Slovenia,SVN,2019,0,
Slovenia,SVN,2020,5234901,
Slovenia,SVN,2021,0,
Slovenia,SVN,2022,9259025,
Slovenia,SVN,2023,17785903,17785903
Slovenia,SVN,2025,,7575037
South Africa,ZAF,2015,22865027,
South Africa,ZAF,2016,59837462,
South Africa,ZAF,2017,80698476,
South Africa,ZAF,2018,71220717,
South Africa,ZAF,2019,197140781,
South Africa,ZAF,2020,154953072,
South Africa,ZAF,2021,143000000,
South Africa,ZAF,2022,195365432,
South Africa,ZAF,2023,68475725,
South Africa,ZAF,2024,205588533,205588533
South Africa,ZAF,2025,,132142308
South America,OWID_SAM,2015,184063466,
South America,OWID_SAM,2016,19193148,
South America,OWID_SAM,2017,165818787,
South America,OWID_SAM,2018,372290109,
South America,OWID_SAM,2019,492851953,
South America,OWID_SAM,2020,760107636,
South America,OWID_SAM,2021,1237000000,
South America,OWID_SAM,2022,1757362985,
South America,OWID_SAM,2023,1558934364,
South America,OWID_SAM,2024,1354465627,1354465627
South America,OWID_SAM,2025,,867762546
South Korea,KOR,2015,320110376,
South Korea,KOR,2016,187415448,
South Korea,KOR,2017,156975118,
South Korea,KOR,2018,255747118,
South Korea,KOR,2019,785383435,
South Korea,KOR,2020,1149584276,
South Korea,KOR,2021,5250000000,
South Korea,KOR,2022,2454567584,
South Korea,KOR,2023,2660771031,
South Korea,KOR,2024,2380680656,2380680656
South Korea,KOR,2025,,831570703
Spain,ESP,2015,57162567,
Spain,ESP,2016,188544457,
Spain,ESP,2017,255360931,
Spain,ESP,2018,176972690,
Spain,ESP,2019,345526315,
Spain,ESP,2020,349691392,
Spain,ESP,2021,772000000,
Spain,ESP,2022,685167866,
Spain,ESP,2023,711436105,
Spain,ESP,2024,705738787,705738787
Spain,ESP,2025,,6526315013
Sri Lanka,LKA,2017,2210917,
Sri Lanka,LKA,2018,2158204,
Sri Lanka,LKA,2019,1059897,
Sri Lanka,LKA,2020,0,
Sri Lanka,LKA,2021,0,
Sri Lanka,LKA,2022,0,
Sri Lanka,LKA,2023,4446476,
Sri Lanka,LKA,2024,8638174,8638174
Sri Lanka,LKA,2025,,2525012
Sweden,SWE,2015,51446310,
Sweden,SWE,2016,73385567,
Sweden,SWE,2017,420074260,
Sweden,SWE,2018,129492212,
Sweden,SWE,2019,120828221,
Sweden,SWE,2020,3749236149,
Sweden,SWE,2021,18444000000,
Sweden,SWE,2022,7375739484,
Sweden,SWE,2023,3277941852,
Sweden,SWE,2024,4699166462,4699166462
Sweden,SWE,2025,,5455709816
Switzerland,CHE,2015,584201435,
Switzerland,CHE,2016,430152324,
Switzerland,CHE,2017,801457469,
Switzerland,CHE,2018,1098525597,
Switzerland,CHE,2019,929529382,
Switzerland,CHE,2020,2582900190,
Switzerland,CHE,2021,1033000000,
Switzerland,CHE,2022,1738844935,
Switzerland,CHE,2023,871509228,
Switzerland,CHE,2024,1693082034,1693082034
Switzerland,CHE,2025,,1640416296
Taiwan,TWN,2015,27438032,
Taiwan,TWN,2016,28225218,
Taiwan,TWN,2017,28741923,
Taiwan,TWN,2018,35610358,
Taiwan,TWN,2019,253315305,
Taiwan,TWN,2020,171704755,
Taiwan,TWN,2021,276000000,
Taiwan,TWN,2022,239808753,
Taiwan,TWN,2023,125390613,
Taiwan,TWN,2024,133891691,133891691
Taiwan,TWN,2025,,58075282
Tajikistan,TJK,2022,925903,
Tajikistan,TJK,2023,889295,
Tajikistan,TJK,2024,1727635,1727635
Tanzania,TZA,2017,0,
Tanzania,TZA,2023,0,
Tanzania,TZA,2024,0,0
Tanzania,TZA,2025,,0
Thailand,THA,2015,1143251,
Thailand,THA,2016,1129009,
Thailand,THA,2018,15107425,
Thailand,THA,2019,6359380,
Thailand,THA,2020,4187921,
Thailand,THA,2021,23000000,
Thailand,THA,2022,39813808,
Thailand,THA,2023,44464757,
Thailand,THA,2024,38007964,38007964
Thailand,THA,2025,,841671
Trinidad and Tobago,TTO,2018,0,0
Tunisia,TUN,2018,1079102,
Tunisia,TUN,2019,0,
Tunisia,TUN,2020,1046980,
Tunisia,TUN,2021,0,
Tunisia,TUN,2022,1851805,
Tunisia,TUN,2023,1778590,
Tunisia,TUN,2024,4319087,4319087
Tunisia,TUN,2025,,841671
Turkey,TUR,2015,114325134,
Turkey,TUR,2016,118545916,
Turkey,TUR,2017,197877085,
Turkey,TUR,2018,549262799,
Turkey,TUR,2019,12718760,
Turkey,TUR,2020,14657723,
Turkey,TUR,2021,92000000,
Turkey,TUR,2022,57405956,
Turkey,TUR,2023,55136298,
Turkey,TUR,2024,82062650,82062650
Turkey,TUR,2025,,42925208
Uganda,UGA,2019,0,
Uganda,UGA,2020,0,
Uganda,UGA,2022,0,
Uganda,UGA,2023,0,0
Ukraine,UKR,2015,0,
Ukraine,UKR,2016,0,
Ukraine,UKR,2017,0,
Ukraine,UKR,2018,0,
Ukraine,UKR,2019,11658863,
Ukraine,UKR,2020,10469802,
Ukraine,UKR,2021,17000000,
Ukraine,UKR,2022,0,
Ukraine,UKR,2023,5335771,
Ukraine,UKR,2024,245324131,245324131
Ukraine,UKR,2025,,7575037
United Arab Emirates,ARE,2015,1143251,
United Arab Emirates,ARE,2016,1129009,
United Arab Emirates,ARE,2017,17687337,
United Arab Emirates,ARE,2018,185605504,
United Arab Emirates,ARE,2019,83731837,
United Arab Emirates,ARE,2020,42926189,
United Arab Emirates,ARE,2021,871000000,
United Arab Emirates,ARE,2022,324065882,
United Arab Emirates,ARE,2023,172523255,
United Arab Emirates,ARE,2024,1947908157,1947908157
United Arab Emirates,ARE,2025,,1041988391
United Kingdom,GBR,2015,1094091534,
United Kingdom,GBR,2016,3517991186,
United Kingdom,GBR,2017,1492369080,
United Kingdom,GBR,2018,2501357892,
United Kingdom,GBR,2019,2577668708,
United Kingdom,GBR,2020,4790981463,
United Kingdom,GBR,2021,6863000000,
United Kingdom,GBR,2022,6607240392,
United Kingdom,GBR,2023,4641231287,
United Kingdom,GBR,2024,5690828797,5690828797
United Kingdom,GBR,2025,,8253423396
United States,USA,2015,20947794328,
United States,USA,2016,24159657696,
United States,USA,2017,27604406149,
United States,USA,2018,62067775345,
United States,USA,2019,106224964342,
United States,USA,2020,76916401478,
United States,USA,2021,156654000000,
United States,USA,2022,92468958893,
United States,USA,2023,112766179752,
United States,USA,2024,148345083627,148345083627
United States,USA,2025,,259590618405
Uruguay,URY,2017,0,
Uruguay,URY,2020,2093960,
Uruguay,URY,2021,108000000,
Uruguay,URY,2022,5555415,
Uruguay,URY,2023,4446476,
Uruguay,URY,2024,4319087,4319087
Uruguay,URY,2025,,3366683
Uzbekistan,UZB,2024,0,0
Uzbekistan,UZB,2025,,0
Venezuela,VEN,2019,1059897,
Venezuela,VEN,2021,0,0
Vietnam,VNM,2016,2258017,
Vietnam,VNM,2017,0,
Vietnam,VNM,2018,0,
Vietnam,VNM,2019,18018243,
Vietnam,VNM,2020,7328862,
Vietnam,VNM,2021,33000000,
Vietnam,VNM,2022,33332491,
Vietnam,VNM,2023,34682510,
Vietnam,VNM,2024,5182904,5182904
Vietnam,VNM,2025,,224726091
World,OWID_WRL,2015,31492001449,
World,OWID_WRL,2016,42455244077,
World,OWID_WRL,2017,42282685147,
World,OWID_WRL,2018,99676630075,
World,OWID_WRL,2019,134241213094,
World,OWID_WRL,2020,164606229366,
World,OWID_WRL,2021,248701000000,
World,OWID_WRL,2022,179907489388,
World,OWID_WRL,2023,167535198966,
World,OWID_WRL,2024,217021155550,217021155550
World,OWID_WRL,2025,,335792963296
Zambia,ZMB,2019,1059897,
Zambia,ZMB,2021,0,
Zambia,ZMB,2022,0,
Zambia,ZMB,2023,0,0
Zimbabwe,ZWE,2019,0,
Zimbabwe,ZWE,2020,0,
Zimbabwe,ZWE,2021,0,
Zimbabwe,ZWE,2023,0,
Zimbabwe,ZWE,2024,863817,863817
Zimbabwe,ZWE,2025,,0